"corp_code","induty_code"
"00100258","13101"
"00100601","289"
"00100717","467"
"00100939","20411"
"00100957","4111"
"00101044","212"
"00101220","201"
"00101257","41112"
"00101275","13212"
"00101336","35200"
"00101433","2032"
"00101442","26310"
"00101488","28520"
"00101549","212"
"00101628","47119"
"00101637","2642"
"00101664","211"
"00101752","109"
"00101947","2229"
"00101992","29172"
"00102113","20132"
"00102140","2629"
"00102353","30331"
"00102432","412"
"00102618","291"
"00102645","2611"
"00102681","41221"
"00102751","105"
"00102760","41112"
"00102821","23311"
"00102858","24213"
"00103006","2411"
"00103015","212"
"00103042","49301"
"00103121","1090"
"00103130","467"
"00103176","65121"
"00103325","10895"
"00103510","30310"
"00103547","21230"
"00103583","14111"
"00103592","21220"
"00103626","467"
"00103635","301"
"00103644","64992"
"00103662","28123"
"00104102","64919"
"00104120","24121"
"00104388","20111"
"00104519","49301"
"00104537","231"
"00104573","179"
"00104698","46800"
"00104704","64131"
"00104722","212"
"00104768","28302"
"00104786","620"
"00104810","468"
"00104856","66121"
"00104892","28303"
"00104971","65121"
"00104999","46413"
"00105040","303"
"00105101","715"
"00105138","292"
"00105156","19221"
"00105165","28302"
"00105183","15110"
"00105244","21212"
"00105271","20411"
"00105280","64992"
"00105299","2413"
"00105466","41112"
"00105475","2419"
"00105509","13103"
"00105606","303"
"00105767","2629"
"00105855","28121"
"00105873","2621"
"00105952","64992"
"00105961","262"
"00106119","201"
"00106313","41112"
"00106368","201"
"00106395","28410"
"00106456","91249"
"00106483","2642"
"00106492","26"
"00106508","10602"
"00106614","29293"
"00106623","303"
"00106641","30121"
"00106650","30"
"00106669","2411"
"00106881","14112"
"00107066","41221"
"00107224","24222"
"00107303","24222"
"00107358","46493"
"00107446","13922"
"00107598","104"
"00107613","2622"
"00107677","14120"
"00107923","1710"
"00107987","20312"
"00108001","411"
"00108038","22232"
"00108047","20202"
"00108065","759"
"00108135","715"
"00108241","108"
"00108490","20202"
"00108612","204"
"00108649","29142"
"00108746","29176"
"00108913","851"
"00108940","715"
"00108977","47111"
"00109019","64121"
"00109037","64209"
"00109161","20121"
"00109170","2622"
"00109189","64992"
"00109268","467"
"00109286","29210"
"00109310","292"
"00109453","3111"
"00109514","23325"
"00109587","25991"
"00109648","26"
"00109693","20111"
"00109718","10211"
"00109754","23222"
"00109781","179"
"00109806","23325"
"00109824","25993"
"00110051","20122"
"00110060","64132"
"00110079","47111"
"00110176","28302"
"00110307","3111"
"00110431","212"
"00110495","715"
"00110547","28302"
"00110583","265"
"00110608","242"
"00110750","64209"
"00110875","62021"
"00110884","465"
"00110893","66121"
"00110963","41221"
"00110981","2629"
"00111014","64132"
"00111111","24122"
"00111193","31114"
"00111218","411"
"00111227","1710"
"00111421","2642"
"00111458","1721"
"00111591","2612"
"00111689","303"
"00111704","3111"
"00111722","66121"
"00111810","212"
"00111829","21100"
"00111838","41112"
"00111847","303"
"00111865","461"
"00111874","303"
"00111999","212"
"00112004","21100"
"00112022","22214"
"00112059","66121"
"00112068","13109"
"00112165","303"
"00112332","65110"
"00112378","319"
"00112457","109"
"00112651","24221"
"00112679","303"
"00112721","24122"
"00112819","141"
"00112907","35200"
"00112970","132"
"00112998","65122"
"00113058","65110"
"00113128","212"
"00113173","24222"
"00113191","65200"
"00113207","28302"
"00113225","2411"
"00113234","105"
"00113243","105"
"00113261","283"
"00113359","66121"
"00113410","493"
"00113492","171"
"00113508","64992"
"00113526","511"
"00113535","50112"
"00113544","20501"
"00113562","65121"
"00113614","14112"
"00113632","2922"
"00113696","41221"
"00113997","2629"
"00114093","22214"
"00114154","303"
"00114215","24222"
"00114303","61210"
"00114321","14112"
"00114552","72121"
"00114686","212"
"00114765","303"
"00114792","649"
"00114808","212"
"00114826","64209"
"00115038","66121"
"00115065","201"
"00115287","529"
"00115384","2032"
"00115427","10520"
"00115472","24121"
"00115612","412"
"00115676","24122"
"00115694","66121"
"00115931","27192"
"00115977","2332"
"00116073","64209"
"00116268","212"
"00116301","2419"
"00116356","201"
"00116408","41221"
"00116426","2413"
"00116499","21212"
"00116806","30"
"00116824","64992"
"00116860","66121"
"00116949","28202"
"00117027","24222"
"00117072","41221"
"00117179","64992"
"00117188","649"
"00117212","64992"
"00117230","29210"
"00117258","47111"
"00117267","65110"
"00117276","211"
"00117300","24191"
"00117337","23322"
"00117382","29162"
"00117498","64201"
"00117577","649"
"00117601","66121"
"00117629","2413"
"00117638","26"
"00117708","46712"
"00117726","301"
"00117744","65121"
"00117966","41112"
"00118008","303"
"00118026","64992"
"00118044","03111"
"00118266","221"
"00118275","27212"
"00118284","24312"
"00118345","46103"
"00118451","24122"
"00118460","1710"
"00118521","212"
"00118804","20129"
"00118965","289"
"00119007","171"
"00119140","303"
"00119195","212"
"00119362","2629"
"00119423","22214"
"00119672","303"
"00119733","2642"
"00120021","64992"
"00120030","4111"
"00120076","4610"
"00120100","20111"
"00120182","66121"
"00120216","65121"
"00120289","331"
"00120377","28201"
"00120508","10422"
"00120526","47111"
"00120562","64992"
"00120571","11209"
"00120872","24123"
"00120906","204"
"00120924","104"
"00120960","2642"
"00121039","212"
"00121154","108"
"00121251","1089"
"00121288","46452"
"00121507","171"
"00121534","11121"
"00121543","11122"
"00121570","2419"
"00121686","262"
"00121729","47111"
"00121932","204"
"00121941","108"
"00121969","412"
"00122056","19221"
"00122205","464"
"00122339","591"
"00122348","132"
"00122436","24122"
"00122472","20131"
"00122481","23312"
"00122551","22214"
"00122579","14120"
"00122694","411"
"00122728","13213"
"00122737","50112"
"00122825","612"
"00122898","23999"
"00122922","41112"
"00123107","2049"
"00123143","212"
"00123152","32029"
"00123514","18113"
"00123523","11121"
"00123541","11122"
"00123648","29230"
"00123718","212"
"00123772","66121"
"00123781","2413"
"00123967","35200"
"00124018","131"
"00124027","233"
"00124054","64132"
"00124090","24121"
"00124106","64121"
"00124151","30310"
"00124197","64992"
"00124276","25130"
"00124504","461"
"00124513","14111"
"00124540","41112"
"00124577","26"
"00124726","104"
"00124780","102"
"00124799","102"
"00124805","64132"
"00125080","64992"
"00125150","351"
"00125406","46413"
"00125488","17223"
"00125521","303"
"00125530","108"
"00125576","303"
"00125628","30"
"00125646","2511"
"00125664","25912"
"00125725","467"
"00125743","24122"
"00125822","24222"
"00125929","68112"
"00125938","171"
"00125965","265"
"00125974","41221"
"00126089","303"
"00126186","62021"
"00126201","30399"
"00126256","65110"
"00126292","64913"
"00126308","72129"
"00126362","28202"
"00126371","2622"
"00126380","264"
"00126414","212"
"00126478","3111"
"00126487","64992"
"00126566","31321"
"00126593","2049"
"00126779","24222"
"00126788","212"
"00126885","27"
"00126937","64992"
"00126955","108"
"00127024","29299"
"00127042","15110"
"00127158","26529"
"00127167","46739"
"00127200","26291"
"00127255","2221"
"00127370","25112"
"00127699","292"
"00127802","29141"
"00127857","33201"
"00127909","49309"
"00127936","411"
"00127954","4632"
"00128032","212"
"00128111","24199"
"00128175","46739"
"00128227","171"
"00128315","2642"
"00128412","212"
"00128546","212"
"00128555","35200"
"00128607","46465"
"00128661","4659"
"00128731","29230"
"00128759","14111"
"00128926","2419"
"00128953","26"
"00128971","411"
"00128980","421"
"00129013","108"
"00129235","25991"
"00129271","26291"
"00129280","265"
"00129350","26291"
"00129387","20411"
"00129411","41221"
"00129420","41121"
"00129509","49301"
"00129554","911"
"00129615","222"
"00129642","303"
"00129679","212"
"00129989","204"
"00130000","1419"
"00130037","2622"
"00130046","26"
"00130091","64992"
"00130204","2219"
"00130383","551"
"00130408","23322"
"00130587","281"
"00130684","35200"
"00130763","2612"
"00130772","60210"
"00130815","64131"
"00130860","263"
"00130879","108"
"00130949","182"
"00131018","212"
"00131054","66121"
"00131197","243"
"00131328","68112"
"00131434","20202"
"00131504","41112"
"00131692","2049"
"00131780","467"
"00131832","64992"
"00131850","66121"
"00131896","52942"
"00131939","28123"
"00132105","108"
"00132114","1090"
"00132202","20499"
"00132211","16211"
"00132318","24133"
"00132354","649"
"00132488","4741"
"00132628","26291"
"00132637","222"
"00132725","2032"
"00132804","23311"
"00132868","13213"
"00132992","303"
"00133034","41221"
"00133089","2413"
"00133238","41221"
"00133317","47813"
"00133335","71531"
"00133511","46800"
"00133557","464"
"00133618","477"
"00133663","303"
"00133706","171"
"00133715","24222"
"00133751","2599"
"00133812","49301"
"00133858","28202"
"00133876","422"
"00133928","25931"
"00133991","24122"
"00134051","26"
"00134060","50112"
"00134176","467"
"00134316","303"
"00134477","303"
"00134510","303"
"00134565","68121"
"00134723","171"
"00134909","467"
"00134963","20499"
"00135050","212"
"00135111","29241"
"00135467","259"
"00135670","28410"
"00135777","172"
"00135795","263"
"00135917","65121"
"00135962","03111"
"00135999","681"
"00136004","463"
"00136086","171"
"00136095","64132"
"00136101","64911"
"00136165","29229"
"00136217","2622"
"00136226","28519"
"00136235","46800"
"00136271","2612"
"00136341","467"
"00136378","47111"
"00136402","46201"
"00136448","212"
"00136457","201"
"00136554","59111"
"00136624","14120"
"00136642","64209"
"00136721","66121"
"00136776","204"
"00136864","14112"
"00136925","41112"
"00136970","4111"
"00137012","29111"
"00137058","212"
"00137207","15110"
"00137234","303"
"00137252","105"
"00137289","272"
"00137359","212"
"00137368","467"
"00137702","171"
"00137809","24199"
"00137915","29169"
"00137997","66121"
"00138057","262"
"00138127","28302"
"00138190","468"
"00138206","41221"
"00138224","23311"
"00138242","301"
"00138260","24113"
"00138279","19210"
"00138297","46800"
"00138303","62021"
"00138321","66121"
"00138367","582"
"00138376","26293"
"00138446","46414"
"00138491","2612"
"00138516","265"
"00138598","26294"
"00138695","2413"
"00138701","715"
"00138729","172"
"00138747","29210"
"00138792","511"
"00139083","303"
"00139153","30320"
"00139205","212"
"00139214","65121"
"00139454","20422"
"00139685","1811"
"00139719","25934"
"00139764","32021"
"00139834","62021"
"00139889","204"
"00140052","32029"
"00140061","22211"
"00140131","631"
"00140168","71310"
"00140177","47122"
"00140353","25119"
"00140362","28302"
"00140380","24122"
"00140566","105"
"00140779","2225"
"00140858","259"
"00140919","26211"
"00140946","5299"
"00140955","20129"
"00140964","64992"
"00141149","212"
"00141246","4112"
"00141273","461"
"00141282","33201"
"00141307","24213"
"00141334","06200"
"00141389","29120"
"00141404","172"
"00141413","303"
"00141440","13219"
"00141477","24123"
"00141529","108"
"00141556","73203"
"00141608","291"
"00141626","212"
"00141671","71310"
"00141875","102"
"00142564","4111"
"00142591","25992"
"00142661","105"
"00142698","26"
"00142713","1419"
"00142865","22299"
"00142883","292"
"00143013","26"
"00143226","262"
"00143262","422"
"00143314","2622"
"00143527","649"
"00143651","715"
"00143794","13225"
"00143907","24123"
"00144012","22212"
"00144021","14111"
"00144164","46713"
"00144243","29119"
"00144252","23311"
"00144395","4632"
"00144562","259"
"00144650","72111"
"00144720","2611"
"00144766","41221"
"00144818","212"
"00144933","23322"
"00145109","212"
"00145163","211"
"00145190","66121"
"00145260","22231"
"00145437","591"
"00145446","16211"
"00145464","24221"
"00145473","467"
"00145534","2629"
"00145552","20111"
"00145598","212"
"00145668","411"
"00145686","46731"
"00145738","2811"
"00145862","35200"
"00145880","2411"
"00145914","265"
"00146083","212"
"00146214","212"
"00146232","41221"
"00146269","13101"
"00146296","466"
"00146427","591"
"00146436","30320"
"00146454","212"
"00146542","133"
"00146560","303"
"00146649","64992"
"00146719","13212"
"00146861","26292"
"00147082","273"
"00147152","303"
"00147222","13101"
"00147295","64121"
"00147772","465"
"00147860","303"
"00147949","2629"
"00147994","2629"
"00148188","64132"
"00148276","71310"
"00148328","20202"
"00148364","64992"
"00148443","715"
"00148461","23992"
"00148470","28123"
"00148504","64121"
"00148522","252"
"00148531","24121"
"00148540","64992"
"00148595","2511"
"00148610","66121"
"00148717","20501"
"00148744","65121"
"00148832","64121"
"00148896","64992"
"00148920","20411"
"00148939","15110"
"00148948","20312"
"00148984","2321"
"00148993","64992"
"00149026","64992"
"00149239","24222"
"00149248","17105"
"00149266","649"
"00149293","64121"
"00149345","108"
"00149354","212"
"00149594","64911"
"00149646","64121"
"00149655","467"
"00149664","41112"
"00149770","46712"
"00149804","303"
"00149840","17105"
"00149877","21230"
"00149947","212"
"00150165","204"
"00150183","26"
"00150226","30203"
"00150244","11122"
"00150439","2225"
"00150536","212"
"00150633","320"
"00150828","41221"
"00150855","64131"
"00151128","303"
"00151298","24123"
"00151368","49301"
"00151395","49220"
"00151447","46417"
"00151605","303"
"00151614","46800"
"00151863","29180"
"00152039","303"
"00152127","715"
"00152260","465"
"00152385","259"
"00152437","31114"
"00152589","20423"
"00152631","26"
"00152686","2622"
"00152729","2612"
"00152783","27219"
"00152862","64992"
"00152880","41221"
"00152914","1419"
"00152950","20202"
"00153126","64992"
"00153278","292"
"00153339","20129"
"00153375","2413"
"00153393","20501"
"00153524","1721"
"00153551","26429"
"00153621","29271"
"00153755","303"
"00153852","2642"
"00153861","41221"
"00154055","303"
"00154189","14120"
"00154204","13401"
"00154329","141"
"00154392","10897"
"00154417","23192"
"00154426","591"
"00154462","20423"
"00154693","29180"
"00154718","28201"
"00154727","46510"
"00155124","303"
"00155151","303"
"00155212","72129"
"00155258","2419"
"00155276","282"
"00155319","2411"
"00155355","108"
"00155373","259"
"00155382","20132"
"00155452","11121"
"00155498","41112"
"00155531","64992"
"00155586","2629"
"00155638","27214"
"00155692","468"
"00155735","27112"
"00155948","474"
"00156044","64992"
"00156150","265"
"00156354","303"
"00156442","478"
"00156488","2413"
"00156521","66199"
"00156600","242"
"00156691","52939"
"00156734","2612"
"00156859","66121"
"00156895","649"
"00156910","64209"
"00156956","75993"
"00157070","2812"
"00157104","264"
"00157399","26299"
"00157539","303"
"00157636","259"
"00157681","20119"
"00157991","23999"
"00158015","24123"
"00158024","242"
"00158112","1721"
"00158149","19221"
"00158219","2612"
"00158307","47320"
"00158316","715"
"00158325","63991"
"00158501","75320"
"00158565","204"
"00158839","27214"
"00158909","64121"
"00158963","212"
"00159005","64992"
"00159023","61220"
"00159102","65121"
"00159175","231"
"00159193","35120"
"00159209","72129"
"00159218","42311"
"00159254","64992"
"00159281","2642"
"00159290","28202"
"00159342","61299"
"00159500","72121"
"00159564","292"
"00159573","24131"
"00159616","29119"
"00159698","35300"
"00159731","468"
"00159740","241"
"00159786","20129"
"00159795","2512"
"00159810","20119"
"00159874","64992"
"00159908","28302"
"00159926","2629"
"00159971","64992"
"00160010","2229"
"00160047","64992"
"00160205","2321"
"00160232","50112"
"00160302","2049"
"00160375","22259"
"00160418","303"
"00160445","13213"
"00160588","20494"
"00160612","20119"
"00160621","20423"
"00160843","2611"
"00160861","20421"
"00161028","45110"
"00161046","212"
"00161116","41221"
"00161125","29172"
"00161301","64209"
"00161383","29271"
"00161408","64911"
"00161426","64992"
"00161444","64121"
"00161462","64209"
"00161639","64919"
"00161693","46431"
"00161709","32029"
"00161781","551"
"00161860","10211"
"00161976","1419"
"00162063","41112"
"00162072","29132"
"00162081","64209"
"00162142","66121"
"00162416","66121"
"00162461","20111"
"00162577","13101"
"00162586","212"
"00162780","4111"
"00162832","303"
"00162911","109"
"00162993","23311"
"00163044","21212"
"00163114","64992"
"00163178","66121"
"00163196","2419"
"00163318","23322"
"00163345","62021"
"00163512","49309"
"00163619","2221"
"00163673","352"
"00163682","66121"
"00163691","715"
"00163716","465"
"00163761","171"
"00163789","24113"
"00164195","141"
"00164292","10421"
"00164308","47121"
"00164362","108"
"00164469","2413"
"00164478","41221"
"00164502","303"
"00164609","3111"
"00164618","109"
"00164636","649"
"00164645","50112"
"00164672","23311"
"00164706","212"
"00164724","29162"
"00164742","30121"
"00164779","2612"
"00164788","303"
"00164812","46800"
"00164830","64992"
"00164876","66121"
"00164955","20411"
"00164973","65121"
"00165060","241"
"00165103","1030"
"00165200","1419"
"00165343","465"
"00165361","70113"
"00165413","20111"
"00165529","20111"
"00165565","30"
"00165583","46713"
"00165680","47859"
"00166175","24123"
"00166227","46800"
"00166272","303"
"00166315","30391"
"00166333","29293"
"00166500","29223"
"00166519","29223"
"00166528","29142"
"00166573","212"
"00167004","46712"
"00167031","29241"
"00167192","221"
"00167208","50112"
"00167280","461"
"00167378","42"
"00168331","46413"
"00168401","23192"
"00169048","471"
"00169215","29133"
"00170026","732"
"00170451","64913"
"00170558","969"
"00170877","11121"
"00171265","91249"
"00171636","64992"
"00171867","28519"
"00172079","213"
"00172103","28202"
"00172185","467"
"00172228","2512"
"00172291","62022"
"00172680","24122"
"00172936","24113"
"00172945","24121"
"00173032","16212"
"00173069","30320"
"00173078","303"
"00173102","17902"
"00173254","64131"
"00173324","291"
"00173333","47111"
"00173351","264"
"00173397","41221"
"00173449","22193"
"00173591","303"
"00173634","85501"
"00173661","41221"
"00173698","46521"
"00173731","759"
"00173740","41121"
"00173795","4659"
"00173874","221"
"00173944","27216"
"00173999","492"
"00174004","303"
"00174129","64131"
"00174208","29241"
"00174305","467"
"00174475","25932"
"00174527","41112"
"00175173","303"
"00175623","46419"
"00175650","68112"
"00176516","423"
"00176792","65110"
"00176835","01123"
"00176914","631"
"00177199","2419"
"00177320","21230"
"00177816","2629"
"00177870","251"
"00178471","62090"
"00178754","421"
"00178790","2811"
"00178851","24121"
"00179832","75310"
"00180263","172"
"00180795","303"
"00180865","46800"
"00181299","222"
"00181712","64992"
"00181934","41225"
"00181943","452"
"00183215","26410"
"00183260","2629"
"00183914","2419"
"00184667","23322"
"00184889","161"
"00185046","713"
"00185222","291"
"00185356","2811"
"00185505","21230"
"00186452","26410"
"00186540","58221"
"00186559","6201"
"00186717","25991"
"00186799","25912"
"00186939","412"
"00187415","21230"
"00187725","26410"
"00187770","212"
"00188089","14112"
"00188122","10899"
"00188715","25912"
"00188797","259"
"00188946","591"
"00188973","212"
"00189343","64131"
"00189538","2611"
"00190321","612"
"00190756","38220"
"00191108","20491"
"00191287","24312"
"00191472","20119"
"00191588","303"
"00192499","109"
"00193009","2629"
"00193328","422"
"00194275","471"
"00194372","26410"
"00194947","72129"
"00195229","464"
"00197324","73901"
"00197476","353"
"00197759","27219"
"00198192","17223"
"00198378","21100"
"00198572","28519"
"00198697","261"
"00199076","2629"
"00199252","213"
"00199988","2219"
"00200275","591"
"00200761","73201"
"00200798","2642"
"00200910","612"
"00200956","62021"
"00201131","13402"
"00201432","28123"
"00201450","76110"
"00201733","265"
"00201742","281"
"00201788","24123"
"00202060","303"
"00202778","29142"
"00202839","24229"
"00203023","2629"
"00203209","29133"
"00203290","64992"
"00203315","591"
"00203458","28410"
"00203582","161"
"00203847","24221"
"00204208","1012"
"00204226","639"
"00204262","582"
"00204323","28302"
"00204642","60210"
"00205003","14120"
"00205687","383"
"00206039","24199"
"00206084","24122"
"00206127","58221"
"00206659","262"
"00206686","467"
"00207223","468"
"00207375","212"
"00207436","4659"
"00207542","2642"
"00207755","602"
"00208134","60210"
"00208301","29293"
"00208374","26410"
"00208444","29271"
"00208693","2612"
"00209443","64911"
"00209780","27216"
"00210537","74100"
"00210740","212"
"00210856","320"
"00210980","4659"
"00211271","27111"
"00215107","26321"
"00215976","262"
"00216027","212"
"00216434","10121"
"00216498","721"
"00216647","201"
"00216762","721"
"00217743","29133"
"00217947","4112"
"00218052","29271"
"00218575","24290"
"00218654","263"
"00219097","64992"
"00219361","649"
"00219440","620"
"00219486","62021"
"00219574","64992"
"00219848","4112"
"00220057","58221"
"00220109","27192"
"00220181","25912"
"00220446","29176"
"00220552","2642"
"00220561","47111"
"00220613","2419"
"00220622","28123"
"00220686","28111"
"00220969","20493"
"00221320","26211"
"00221728","28519"
"00222213","26299"
"00222435","204"
"00222532","60222"
"00222806","262"
"00223346","58221"
"00223434","2629"
"00223513","46510"
"00223762","603"
"00224567","22211"
"00225140","15121"
"00225159","64992"
"00225210","58221"
"00225706","212"
"00225742","423"
"00226228","26329"
"00226316","14199"
"00226352","2642"
"00226547","582"
"00226866","2642"
"00227333","261"
"00228059","212"
"00228350","2229"
"00228536","29241"
"00228712","10121"
"00228916","63991"
"00229021","62021"
"00229030","24222"
"00229818","2642"
"00229827","4610"
"00230036","5821"
"00230425","27199"
"00230814","303"
"00230911","20201"
"00231044","28123"
"00231105","201"
"00231354","2811"
"00231363","61220"
"00231372","75210"
"00231442","631"
"00231567","58221"
"00231664","6491"
"00231691","901"
"00231707","58221"
"00231831","212"
"00231901","64991"
"00232007","411"
"00232089","463"
"00232317","26"
"00232496","591"
"00232821","2612"
"00233653","642"
"00234227","292"
"00234412","4741"
"00234449","29293"
"00234555","292"
"00235147","303"
"00235183","29221"
"00236021","2642"
"00236368","22214"
"00236863","72111"
"00237260","2642"
"00238001","26529"
"00238153","28519"
"00238199","62090"
"00238782","46510"
"00238913","292"
"00238977","303"
"00239514","339"
"00239596","24122"
"00239639","239"
"00240088","46103"
"00240370","58221"
"00240398","64209"
"00240857","26293"
"00241005","20202"
"00241120","2642"
"00241209","2629"
"00241236","2642"
"00242378","109"
"00242439","2511"
"00242712","26291"
"00242934","139"
"00243067","681"
"00243757","639"
"00243979","29169"
"00243988","61210"
"00244330","26310"
"00244419","292"
"00244455","12000"
"00244561","479"
"00244589","58222"
"00244729","60222"
"00244747","27219"
"00244783","61299"
"00244862","14120"
"00244871","61220"
"00244932","26410"
"00245296","20202"
"00245472","23999"
"00245694","91121"
"00245898","259"
"00246189","2642"
"00246347","46"
"00246383","90191"
"00246417","29271"
"00246620","61299"
"00246657","14112"
"00246815","25932"
"00247762","26410"
"00247887","29271"
"00247902","263"
"00247939","29293"
"00247975","715"
"00248053","29177"
"00248123","28123"
"00248406","14112"
"00248691","5821"
"00248956","26410"
"00248974","212"
"00249034","61210"
"00249247","631"
"00249441","60222"
"00249502","581"
"00249894","212"
"00249982","715"
"00250137","61299"
"00250614","2511"
"00250775","2622"
"00250997","201"
"00251190","58221"
"00251385","2592"
"00251482","85503"
"00252001","24121"
"00252135","29229"
"00252269","262"
"00252375","26211"
"00252393","59201"
"00252588","46510"
"00252658","26293"
"00252755","06200"
"00253514","59112"
"00253985","424"
"00254009","59114"
"00254045","64121"
"00255044","26410"
"00255071","60222"
"00255105","464"
"00255141","46595"
"00255266","26"
"00255275","29272"
"00255309","59111"
"00255433","582"
"00255619","91249"
"00255840","26211"
"00256043","212"
"00256292","2642"
"00256380","2629"
"00256502","26310"
"00256715","11111"
"00256955","2229"
"00257051","58221"
"00257149","4659"
"00257194","58221"
"00257361","26"
"00257529","5811"
"00257732","29223"
"00258102","141"
"00258360","29272"
"00258421","2642"
"00258689","59201"
"00258731","26310"
"00258801","63120"
"00258944","75210"
"00259439","62021"
"00259493","47919"
"00259536","27212"
"00259545","303"
"00259590","591"
"00259606","58111"
"00259855","62021"
"00259916","26410"
"00259934","58113"
"00260356","64911"
"00260383","20111"
"00260392","28302"
"00260408","105"
"00260569","29271"
"00260611","261"
"00260639","2642"
"00260657","271"
"00260693","261"
"00260745","63991"
"00260879","63112"
"00260888","62021"
"00260903","58221"
"00260921","58221"
"00260930","59201"
"00260958","461"
"00260985","58221"
"00261009","467"
"00261054","201"
"00261124","58221"
"00261188","58221"
"00261212","46510"
"00261285","35200"
"00261355","75210"
"00261373","73909"
"00261443","582"
"00261461","46510"
"00261601","13992"
"00261656","20413"
"00261735","204"
"00261887","2611"
"00261957","467"
"00262044","2642"
"00262123","26410"
"00262266","303"
"00262275","26410"
"00262682","59111"
"00263140","26"
"00263371","60221"
"00263654","212"
"00263885","2811"
"00263955","28901"
"00263991","58221"
"00264103","26292"
"00264130","4610"
"00264185","58221"
"00264228","47711"
"00264255","271"
"00264529","58221"
"00264547","58221"
"00264556","2622"
"00264635","62021"
"00264644","28202"
"00264671","582"
"00264714","303"
"00264732","2642"
"00264741","2642"
"00264769","18200"
"00264787","303"
"00264796","5911"
"00264802","29271"
"00264811","27216"
"00264839","21100"
"00264848","46800"
"00264857","58221"
"00264945","61299"
"00264981","467"
"00265005","272"
"00265041","20421"
"00265078","4659"
"00265157","27111"
"00265218","263"
"00265227","29180"
"00265254","58221"
"00265263","4659"
"00265324","602"
"00265342","58221"
"00265421","26211"
"00266934","281"
"00266943","5821"
"00266952","582"
"00266961","63120"
"00266989","27199"
"00267021","27215"
"00267094","27199"
"00267474","27112"
"00267669","85691"
"00267720","72919"
"00267775","14111"
"00267793","2811"
"00267809","64209"
"00267854","468"
"00267881","2511"
"00267906","47111"
"00267942","649"
"00267951","2629"
"00267960","201"
"00267979","201"
"00267997","2611"
"00268002","423"
"00268011","46711"
"00268020","46599"
"00268118","2642"
"00268181","68112"
"00268251","26410"
"00268297","46800"
"00268358","58221"
"00268437","27212"
"00268482","58221"
"00269241","26310"
"00269287","46521"
"00269339","62021"
"00269612","2812"
"00269773","62021"
"00269852","58221"
"00269889","58221"
"00269922","27199"
"00269940","75210"
"00270113","27112"
"00270405","2642"
"00270432","60222"
"00271352","2642"
"00271413","2642"
"00271431","2642"
"00271501","261"
"00272412","28123"
"00273110","465"
"00273420","58221"
"00273439","27112"
"00273615","620"
"00274933","56130"
"00275260","2622"
"00275710","263"
"00275808","28202"
"00276083","264"
"00276834","2224"
"00277727","64201"
"00277736","63112"
"00277985","66199"
"00280688","591"
"00287724","26"
"00287788","8550"
"00287812","741"
"00288343","26429"
"00288495","467"
"00288653","26"
"00291152","21309"
"00291231","262"
"00291860","29133"
"00292434","211"
"00293886","28519"
"00294371","2642"
"00295370","272"
"00295547","263"
"00295857","303"
"00295875","58221"
"00296005","467"
"00296069","263"
"00296078","64992"
"00296263","468"
"00296290","66121"
"00296324","472"
"00297095","292"
"00297165","2629"
"00297448","424"
"00297934","46510"
"00297961","292"
"00297970","64201"
"00297989","7291"
"00298252","26"
"00298270","58221"
"00298340","29271"
"00298377","29271"
"00298447","2629"
"00298687","58121"
"00299002","64992"
"00299358","31114"
"00299376","2629"
"00299464","59114"
"00299686","2811"
"00299844","467"
"00300256","58221"
"00300405","303"
"00300548","32029"
"00300557","28519"
"00300566","62021"
"00300779","59201"
"00301015","21212"
"00301112","59120"
"00301246","2611"
"00301422","303"
"00301486","2642"
"00301626","26293"
"00302078","75991"
"00302120","2642"
"00302236","452"
"00302582","303"
"00302801","26211"
"00302926","31201"
"00303192","2622"
"00303217","292"
"00303396","2629"
"00303703","2642"
"00303794","59130"
"00303837","2642"
"00303873","59141"
"00304076","291"
"00304401","2642"
"00304915","66121"
"00305297","26519"
"00305570","467"
"00305668","303"
"00305695","2642"
"00305941","143"
"00306162","620"
"00306454","58221"
"00306719","26529"
"00306870","467"
"00306986","62021"
"00307028","212"
"00307037","15129"
"00307189","2629"
"00307222","857"
"00307897","64913"
"00308559","204"
"00308896","26293"
"00308948","5811"
"00309460","649"
"00309503","31311"
"00309831","2642"
"00309983","62021"
"00310156","211"
"00311216","262"
"00311270","27112"
"00311298","26410"
"00313649","204"
"00314000","58221"
"00314888","26211"
"00316488","2642"
"00317089","21309"
"00317104","2049"
"00317210","26291"
"00317487","292"
"00317681","213"
"00317830","264"
"00318316","289"
"00318477","62021"
"00318538","192"
"00318617","61210"
"00318662","411"
"00318839","64201"
"00319272","282"
"00320807","28123"
"00321204","421"
"00321222","26"
"00323868","582"
"00324104","26211"
"00325112","29271"
"00325918","291"
"00325981","2642"
"00326731","213"
"00327396","273"
"00327819","292"
"00328191","29111"
"00328854","5811"
"00329084","1090"
"00329093","141"
"00329677","2642"
"00330017","58221"
"00330044","262"
"00330406","59130"
"00330424","66121"
"00331016","639"
"00331733","715"
"00331760","29271"
"00332927","15121"
"00334244","30"
"00334493","71399"
"00334615","21212"
"00334624","63991"
"00334767","2612"
"00335076","62021"
"00335562","58221"
"00335924","2642"
"00336297","75993"
"00336570","58221"
"00336817","70111"
"00337296","582"
"00338170","30399"
"00339063","03112"
"00339072","29169"
"00339391","26299"
"00340096","649"
"00340272","222"
"00340917","108"
"00341916","27191"
"00343127","75210"
"00344287","29241"
"00344746","26410"
"00345499","46800"
"00345657","27214"
"00346407","620"
"00346610","27192"
"00346911","582"
"00346966","2049"
"00347062","204"
"00347363","58221"
"00347442","28302"
"00347619","58221"
"00347716","264"
"00347734","22214"
"00347840","62021"
"00347877","901"
"00348007","63991"
"00348034","5821"
"00348052","263"
"00348140","26"
"00348177","2629"
"00348292","5821"
"00348557","2642"
"00348788","2812"
"00349060","213"
"00349097","60229"
"00349468","204"
"00349732","58221"
"00349787","26292"
"00349811","468"
"00350020","26211"
"00350048","222"
"00350057","58221"
"00350118","46510"
"00350224","263"
"00350251","75999"
"00350312","423"
"00350482","2629"
"00350491","58221"
"00350738","46521"
"00351047","29271"
"00351092","303"
"00351153","26429"
"00351269","26429"
"00351375","22211"
"00351418","2311"
"00351427","58221"
"00351454","467"
"00351579","582"
"00351630","273"
"00351807","467"
"00351995","35200"
"00352000","58221"
"00352064","28123"
"00352295","58221"
"00352499","62021"
"00352718","631"
"00353018","292"
"00353230","01299"
"00353610","58221"
"00353683","58221"
"00353735","291"
"00353762","59130"
"00353878","25112"
"00355089","58221"
"00355292","58221"
"00355548","264"
"00355821","263"
"00356158","29176"
"00356361","20111"
"00356370","20422"
"00356389","22211"
"00356644","29221"
"00356802","47812"
"00356839","31114"
"00356927","339"
"00357360","4741"
"00357430","211"
"00357607","25921"
"00357740","661"
"00357935","204"
"00358095","58221"
"00358271","292"
"00358545","58221"
"00358730","26410"
"00359030","58221"
"00359076","58221"
"00359094","2811"
"00359261","262"
"00359395","70113"
"00359474","59130"
"00359580","71600"
"00359614","26410"
"00359623","303"
"00359641","56130"
"00360036","2642"
"00360142","46800"
"00360540","14120"
"00360577","424"
"00360595","5299"
"00360674","26410"
"00361008","29111"
"00361035","26410"
"00361114","2629"
"00361169","58221"
"00361202","46521"
"00361266","582"
"00361381","29192"
"00361488","631"
"00361594","292"
"00361725","631"
"00362089","59114"
"00362122","292"
"00362159","13219"
"00362201","213"
"00362238","20501"
"00362292","212"
"00362380","4659"
"00362441","582"
"00362858","4791"
"00363033","62021"
"00363246","421"
"00363325","2622"
"00363486","292"
"00363510","204"
"00363592","58221"
"00363769","759"
"00363927","5811"
"00364111","70113"
"00364227","62090"
"00364254","58222"
"00364306","2642"
"00364403","2642"
"00364467","603"
"00364670","27199"
"00364740","2642"
"00364795","59112"
"00364847","639"
"00364926","262"
"00365387","76320"
"00365457","29271"
"00365590","213"
"00365624","303"
"00365758","2611"
"00365934","29271"
"00365989","55103"
"00366137","302"
"00366164","62021"
"00366438","28112"
"00366517","23325"
"00366793","467"
"00366845","29272"
"00366942","261"
"00367376","29175"
"00367385","2031"
"00367400","26294"
"00367455","2622"
"00367482","264"
"00367598","2642"
"00367604","182"
"00367695","351"
"00367710","151"
"00367844","681"
"00367871","2032"
"00368791","2642"
"00369107","108"
"00369170","2622"
"00369213","620"
"00369569","713"
"00369657","2629"
"00369675","64992"
"00369833","23222"
"00370006","603"
"00370200","467"
"00370255","2612"
"00370547","2642"
"00370918","2049"
"00371139","85701"
"00371485","204"
"00371519","72129"
"00371740","26211"
"00372013","291"
"00372129","292"
"00372226","27212"
"00372253","22232"
"00372688","58222"
"00372873","63991"
"00372882","63991"
"00372989","46721"
"00373021","25929"
"00373447","467"
"00373571","311"
"00374020","27212"
"00374738","58221"
"00375579","2642"
"00375931","38230"
"00377018","262"
"00377610","241"
"00377814","73901"
"00378220","612"
"00378363","272"
"00378628","2629"
"00379016","26299"
"00379229","27215"
"00380429","212"
"00381756","283"
"00382199","64992"
"00384452","2642"
"00384717","463"
"00384762","221"
"00384887","292"
"00384948","2031"
"00385336","467"
"00385363","27211"
"00385415","29171"
"00385451","2642"
"00386557","263"
"00386876","68119"
"00386937","64121"
"00388272","26"
"00389110","58221"
"00389387","20501"
"00389679","49301"
"00389970","582"
"00389998","721"
"00390028","46800"
"00390055","212"
"00390365","265"
"00390408","468"
"00390514","58221"
"00390860","463"
"00390903","2629"
"00391197","465"
"00392600","58221"
"00392691","474"
"00393469","181"
"00393618","204"
"00394574","292"
"00394778","424"
"00396925","582"
"00397058","5821"
"00397191","59114"
"00397243","292"
"00397252","5821"
"00397289","304"
"00397766","27"
"00398534","68112"
"00398668","27199"
"00398701","28202"
"00398792","303"
"00398808","855"
"00399694","582"
"00399773","20111"
"00400060","620"
"00400121","26211"
"00400857","20423"
"00401731","264"
"00402110","58221"
"00402989","20423"
"00403632","61299"
"00403766","26410"
"00403793","58222"
"00404288","2611"
"00404701","642"
"00404941","29177"
"00405074","75310"
"00405278","582"
"00405320","5821"
"00405506","2629"
"00405719","620"
"00405959","2221"
"00406037","204"
"00406046","29119"
"00406222","291"
"00406329","2612"
"00406392","47919"
"00406727","26211"
"00407036","212"
"00407285","26211"
"00407294","58221"
"00407771","32091"
"00407814","70113"
"00407975","26"
"00408266","26429"
"00408585","2611"
"00408956","701"
"00409140","303"
"00409371","29272"
"00409672","141"
"00409681","31322"
"00409788","29176"
"00409964","211"
"00410678","22232"
"00410739","872"
"00410915","4610"
"00410997","25112"
"00411048","2629"
"00411385","64992"
"00411446","2612"
"00411808","721"
"00411905","465"
"00412348","2612"
"00412597","47919"
"00413046","211"
"00413417","101"
"00413523","72111"
"00413824","2642"
"00414540","2413"
"00414601","4659"
"00414850","759"
"00415327","211"
"00415594","2511"
"00415628","31114"
"00415646","2629"
"00415707","58221"
"00415868","211"
"00416414","292"
"00416654","631"
"00416706","15129"
"00417167","262"
"00417963","59114"
"00418379","233"
"00418476","42"
"00419989","62090"
"00422284","581"
"00422895","47111"
"00423177","2611"
"00423609","21212"
"00423690","5811"
"00425254","20423"
"00425351","85650"
"00425360","68112"
"00426068","479"
"00426086","2049"
"00426828","291"
"00427483","212"
"00428251","47111"
"00428321","108"
"00428729","24222"
"00428792","63991"
"00429694","2629"
"00430089","30"
"00432102","64992"
"00435297","64201"
"00435312","2413"
"00435969","582"
"00436728","68112"
"00438036","264"
"00439053","58221"
"00439965","2049"
"00440712","339"
"00441128","264"
"00441243","14112"
"00441298","26"
"00441304","264"
"00441447","62021"
"00441650","62021"
"00441872","58221"
"00442048","26211"
"00442145","29272"
"00442154","291"
"00442455","204"
"00442561","2642"
"00442570","29271"
"00442631","303"
"00442826","212"
"00442835","141"
"00442905","303"
"00444329","5821"
"00445054","2611"
"00445160","289"
"00445799","2642"
"00445841","58221"
"00445869","620"
"00446460","262"
"00446479","29271"
"00446831","21100"
"00446901","2629"
"00447007","213"
"00447478","29133"
"00447487","2611"
"00447502","70113"
"00447575","262"
"00447609","2622"
"00447760","29271"
"00447928","303"
"00447982","68112"
"00449254","3131"
"00449379","451"
"00450010","303"
"00450214","25912"
"00450339","2229"
"00450728","2642"
"00450931","2512"
"00450995","29242"
"00451116","2599"
"00451268","29271"
"00453284","46313"
"00453442","259"
"00453488","292"
"00453752","58221"
"00453929","211"
"00454265","2413"
"00454399","4610"
"00454937","25112"
"00454946","20421"
"00455112","284"
"00455875","22222"
"00455981","292"
"00456218","75210"
"00458234","62021"
"00458562","739"
"00458915","68112"
"00459589","68112"
"00459871","64992"
"00462121","2642"
"00463050","26429"
"00463342","212"
"00465410","68112"
"00466428","211"
"00468374","2312"
"00469799","29193"
"00470829","62010"
"00471068","261"
"00471989","25933"
"00472890","239"
"00473400","582"
"00474588","281"
"00475286","71531"
"00475532","29272"
"00475718","201"
"00475976","468"
"00475985","271"
"00476036","29272"
"00476498","5821"
"00477257","27301"
"00477372","58221"
"00478900","263"
"00479705","26422"
"00479787","292"
"00480048","474"
"00480367","2413"
"00480455","29111"
"00480756","467"
"00480783","28202"
"00480844","26211"
"00480905","29271"
"00480950","467"
"00481223","2629"
"00481454","221"
"00481676","2612"
"00482426","31114"
"00483735","273"
"00484682","29271"
"00485177","423"
"00486097","71310"
"00486370","303"
"00486705","2419"
"00486875","103"
"00487546","411"
"00488244","291"
"00488402","2612"
"00488989","2611"
"00489243","292"
"00490090","58222"
"00490151","2629"
"00490179","620"
"00491053","462"
"00491336","263"
"00491415","61299"
"00491938","13992"
"00492353","26410"
"00492706","14199"
"00492894","29271"
"00493185","29271"
"00493325","2612"
"00493431","20411"
"00493501","631"
"00493510","2622"
"00494218","262"
"00494476","319"
"00494546","620"
"00495086","2629"
"00495554","26224"
"00495633","24131"
"00496003","26211"
"00496225","20202"
"00497631","242"
"00498001","2642"
"00500254","64992"
"00501970","464"
"00502474","71531"
"00502793","76190"
"00503668","25200"
"00503899","108"
"00504357","71531"
"00505170","71531"
"00505189","71531"
"00505198","71531"
"00505541","76190"
"00505550","76190"
"00505569","76190"
"00506294","58221"
"00507257","29271"
"00508274","204"
"00508344","68122"
"00508566","41224"
"00510215","71531"
"00510534","76190"
"00510914","76190"
"00512532","76190"
"00512541","76190"
"00512550","76190"
"00513948","213"
"00516246","2612"
"00518873","71531"
"00519252","639"
"00520610","20131"
"00520887","5811"
"00521390","29271"
"00521433","30399"
"00521956","64201"
"00522007","1419"
"00523176","108"
"00523307","2811"
"00523936","29272"
"00524421","29271"
"00524786","29133"
"00525527","2611"
"00525642","2110"
"00525679","211"
"00525864","28123"
"00525882","855"
"00525934","2612"
"00526447","761"
"00526465","761"
"00526474","761"
"00526599","27191"
"00526678","31114"
"00526696","272"
"00526836","2229"
"00526872","213"
"00526951","259"
"00527002","262"
"00527011","2611"
"00527464","72911"
"00527491","2511"
"00527880","24311"
"00528515","31114"
"00528791","292"
"00529310","761"
"00529523","761"
"00529815","2612"
"00530121","29272"
"00530185","2049"
"00530413","29271"
"00530556","29271"
"00530796","2629"
"00531014","29271"
"00531078","582"
"00531829","27192"
"00531865","30331"
"00531917","292"
"00532059","211"
"00532129","58221"
"00532855","212"
"00533003","29133"
"00533191","212"
"00533508","2629"
"00533580","76190"
"00533678","76190"
"00533696","76190"
"00533757","76190"
"00533793","76190"
"00533809","212"
"00533836","76190"
"00533924","2622"
"00534598","27199"
"00534701","259"
"00535375","58222"
"00535481","25112"
"00535588","2612"
"00535676","29271"
"00535719","26422"
"00535746","582"
"00535773","58221"
"00536286","2612"
"00536329","273"
"00536523","29280"
"00536541","64992"
"00536888","2611"
"00537221","70113"
"00537337","2611"
"00537443","26"
"00537832","263"
"00538497","71531"
"00539274","64992"
"00540021","58221"
"00540304","2611"
"00540340","58221"
"00540429","29280"
"00540447","29271"
"00540571","2611"
"00540605","331"
"00540641","49220"
"00540784","64209"
"00540863","29271"
"00541163","262"
"00541349","212"
"00541437","27192"
"00541862","58221"
"00542074","2229"
"00542898","2629"
"00543073","64201"
"00543107","262"
"00543204","591"
"00543231","263"
"00543523","68112"
"00544452","68112"
"00544577","29271"
"00545114","70113"
"00545716","76110"
"00545734","108"
"00545929","70113"
"00547510","701"
"00547583","64992"
"00548519","70113"
"00548865","71531"
"00549891","211"
"00549925","27199"
"00550082","59114"
"00550994","27112"
"00551920","20423"
"00552859","467"
"00552992","70113"
"00553025","58221"
"00554024","467"
"00554352","212"
"00554468","64201"
"00555740","25933"
"00555874","511"
"00556615","582"
"00556712","29272"
"00556907","2642"
"00557030","71531"
"00557049","71531"
"00557058","71531"
"00557067","71531"
"00557508","91249"
"00557933","467"
"00560025","68112"
"00560122","26410"
"00560849","108"
"00560982","211"
"00560991","2224"
"00561723","26129"
"00561732","29133"
"00561866","22299"
"00562245","5299"
"00562360","303"
"00563518","282"
"00563545","739"
"00563837","46414"
"00564562","26519"
"00565154","71310"
"00565215","62021"
"00567222","29142"
"00567897","291"
"00568188","2629"
"00568461","239"
"00569646","29272"
"00569691","2049"
"00569992","29271"
"00571298","2629"
"00571483","26410"
"00572905","465"
"00573269","26422"
"00573579","303"
"00574611","4659"
"00575106","26224"
"00576789","303"
"00576798","29272"
"00577016","582"
"00577335","29223"
"00577380","259"
"00578130","701"
"00578325","2611"
"00578538","303"
"00579139","108"
"00579379","24312"
"00579971","261"
"00579980","2629"
"00579999","29271"
"00580056","29221"
"00580065","262"
"00580199","211"
"00580603","76190"
"00580612","76190"
"00580621","76190"
"00580630","76190"
"00580667","2629"
"00581000","4791"
"00582054","2642"
"00583026","620"
"00583424","20423"
"00583442","20411"
"00584362","58221"
"00585219","251"
"00585538","2811"
"00585608","58221"
"00586652","64999"
"00587101","76190"
"00587457","58221"
"00587466","201"
"00587925","701"
"00589127","2612"
"00591441","2612"
"00592583","76190"
"00592592","76190"
"00592653","58221"
"00593032","14111"
"00593519","71531"
"00595182","58221"
"00595191","20129"
"00595243","2611"
"00596066","64201"
"00596260","58221"
"00596677","4659"
"00597764","64999"
"00598198","649"
"00598587","4791"
"00599106","58221"
"00599151","649"
"00599230","64992"
"00599285","46539"
"00599489","412"
"00599595","20202"
"00599887","25130"
"00599957","264"
"00600013","642"
"00601191","29299"
"00601641","29272"
"00601988","58221"
"00602136","29163"
"00602172","201"
"00602279","24222"
"00603348","63112"
"00604028","339"
"00604268","289"
"00604426","271"
"00604815","2629"
"00605124","2611"
"00605328","29271"
"00605522","28422"
"00606293","75993"
"00606664","303"
"00606770","752"
"00606886","211"
"00607496","29221"
"00607797","424"
"00608316","4659"
"00608440","213"
"00608699","631"
"00608802","212"
"00608839","26329"
"00609254","42"
"00609315","2629"
"00609324","27199"
"00609485","261"
"00609634","262"
"00609661","5821"
"00610083","29272"
"00610490","291"
"00610861","29271"
"00611286","2622"
"00611736","29271"
"00611912","2629"
"00612115","58222"
"00612188","1419"
"00612294","292"
"00612489","2629"
"00613318","59201"
"00614089","76310"
"00614478","212"
"00614593","27216"
"00615723","262"
"00616290","71310"
"00616962","64209"
"00617299","64201"
"00617314","2622"
"00617998","303"
"00618401","262"
"00618410","292"
"00619020","242"
"00619507","20491"
"00619640","204"
"00620558","29223"
"00620868","62021"
"00622787","213"
"00623184","2642"
"00623661","20121"
"00624378","26129"
"00624509","29271"
"00624518","2629"
"00624749","29280"
"00624998","20423"
"00625942","2927"
"00626011","739"
"00626464","28111"
"00626710","64201"
"00627029","26519"
"00628189","85120"
"00628860","5821"
"00629212","26323"
"00630111","64992"
"00631518","192"
"00631837","467"
"00632304","64992"
"00632331","141"
"00632793","2049"
"00632845","75210"
"00633835","41221"
"00634728","63991"
"00634959","64201"
"00635134","108"
"00636045","2612"
"00636656","211"
"00637114","76190"
"00638487","58221"
"00638539","29174"
"00641171","58222"
"00641393","2611"
"00642541","70111"
"00642648","64992"
"00642897","58221"
"00643656","5821"
"00645089","582"
"00646732","222"
"00647883","64201"
"00647917","68129"
"00647935","64201"
"00648688","76190"
"00648697","76190"
"00648721","29176"
"00650629","602"
"00650771","28111"
"00651017","64919"
"00651901","511"
"00652007","261"
"00652159","2050"
"00652423","46510"
"00653024","511"
"00653103","262"
"00653112","1090"
"00653194","467"
"00653990","292"
"00654175","27212"
"00654272","20119"
"00656021","62021"
"00656289","108"
"00656951","58222"
"00657002","2611"
"00657224","582"
"00657756","28301"
"00657783","292"
"00657987","60221"
"00659161","29271"
"00659684","26422"
"00659815","22223"
"00659976","3033"
"00660033","262"
"00660121","29271"
"00660291","26410"
"00660459","2629"
"00660750","2612"
"00661157","27199"
"00661847","24121"
"00663289","26429"
"00663669","20501"
"00664048","2641"
"00664181","26429"
"00664288","582"
"00664853","2049"
"00665630","292"
"00665676","63120"
"00666064","5822"
"00666204","29271"
"00666329","259"
"00667373","31114"
"00667425","261"
"00668600","4610"
"00668965","262"
"00669450","271"
"00670085","29221"
"00670340","2511"
"00670766","27216"
"00671376","511"
"00671437","2612"
"00671978","14120"
"00672603","272"
"00673301","303"
"00673976","468"
"00674498","461"
"00675594","729"
"00676122","26211"
"00676380","2629"
"00677334","262"
"00678096","292"
"00678281","26292"
"00679314","20202"
"00679730","30"
"00680161","64992"
"00681142","14120"
"00681249","27112"
"00681373","58221"
"00682992","649"
"00683007","58222"
"00683469","2830"
"00684547","11"
"00684714","242"
"00684732","46"
"00684802","66202"
"00686147","292"
"00686970","6811"
"00687599","63991"
"00687711","2411"
"00688358","313"
"00688996","64992"
"00689418","639"
"00692254","204"
"00693554","20501"
"00693651","26421"
"00693800","68"
"00694003","64992"
"00694942","2611"
"00695464","64992"
"00695969","2611"
"00697329","76190"
"00706715","649"
"00721981","27"
"00722500","64992"
"00728638","14199"
"00753643","264"
"00755739","284"
"00756163","333"
"00757816","26429"
"00759294","2629"
"00759513","2222"
"00760971","5821"
"00760999","2629"
"00761059","22232"
"00761183","30399"
"00761952","2611"
"00762377","204"
"00763358","29272"
"00763473","20423"
"00763701","63999"
"00764807","27211"
"00765462","29141"
"00765569","292"
"00765851","212"
"00765897","303"
"00766106","2629"
"00767460","2221"
"00767628","213"
"00769158","261"
"00770312","10121"
"00776820","46800"
"00778040","76190"
"00778059","76190"
"00778235","64209"
"00781202","452"
"00783246","64992"
"00786331","64992"
"00787057","26519"
"00787376","35200"
"00788737","58111"
"00788773","2130"
"00788807","681"
"00790121","64992"
"00790501","501"
"00791209","4659"
"00793155","58222"
"00795135","205"
"00796994","2599"
"00797364","291"
"00797674","64999"
"00798284","6619"
"00798530","64999"
"00799070","64992"
"00799177","303"
"00799539","27111"
"00800084","64992"
"00800145","303"
"00802028","66199"
"00803425","303"
"00803504","6619"
"00804114","64999"
"00804983","649"
"00806972","262"
"00807379","28202"
"00807397","222"
"00807555","85503"
"00808022","70113"
"00808068","292"
"00808086","211"
"00808226","66"
"00808262","64"
"00809429","292"
"00809517","2629"
"00810531","27199"
"00811372","108"
"00812229","64999"
"00812362","479"
"00813389","29272"
"00814582","262"
"00814786","591"
"00815095","2612"
"00815369","303"
"00815767","5821"
"00816544","20423"
"00816696","2927"
"00816933","2221"
"00818472","2927"
"00819073","71310"
"00819374","262"
"00820352","292"
"00820389","465"
"00821607","31991"
"00823429","46443"
"00823687","64992"
"00824659","6619"
"00825223","303"
"00825959","273"
"00828309","66199"
"00828497","212"
"00828761","27111"
"00828789","477"
"00829380","2429"
"00830377","6499"
"00830447","46204"
"00831428","212"
"00832700","28422"
"00833064","292"
"00835734","855"
"00837680","76190"
"00838005","289"
"00838421","602"
"00838500","451"
"00838962","58222"
"00842327","64992"
"00842479","27215"
"00842585","58222"
"00842619","70113"
"00843900","262"
"00844884","6499"
"00846396","681"
"00852087","32029"
"00854997","27112"
"00855093","109"
"00855145","76190"
"00855163","20421"
"00857480","63120"
"00857727","1012"
"00858124","262"
"00858364","64992"
"00860332","64992"
"00860730","68121"
"00861076","68112"
"00861100","2611"
"00861720","27212"
"00861997","26429"
"00862312","291"
"00862853","71310"
"00862880","2049"
"00863038","2811"
"00863533","20499"
"00864338","20203"
"00865382","68112"
"00866062","20119"
"00866451","29271"
"00866594","464"
"00867034","212"
"00867098","29271"
"00867478","011"
"00867849","62021"
"00867973","289"
"00868705","62021"
"00869272","28123"
"00870065","2611"
"00870481","303"
"00870861","262"
"00871833","212"
"00872452","26224"
"00872656","423"
"00872850","24199"
"00872984","471"
"00874195","10897"
"00874797","721"
"00874803","264"
"00874937","289"
"00875237","205"
"00875307","29272"
"00876166","20202"
"00876209","857"
"00876643","26224"
"00876865","303"
"00876908","303"
"00877059","211"
"00877174","71400"
"00877819","465"
"00878517","22291"
"00878696","7011"
"00878915","64992"
"00879020","46522"
"00883980","26429"
"00885906","25924"
"00886792","289"
"00888347","211"
"00890333","68121"
"00890388","421"
"00892526","22214"
"00893923","46203"
"00896285","108"
"00896753","204"
"00897752","201"
"00899459","27111"
"00899556","251"
"00904672","5821"
"00905316","761"
"00907013","642"
"00907660","64919"
"00909835","71310"
"00910202","108"
"00910840","2511"
"00910947","76190"
"00911229","29280"
"00911955","20423"
"00913689","2629"
"00914040","85501"
"00915508","262"
"00916516","11209"
"00916826","70113"
"00917861","339"
"00918222","27194"
"00919966","70113"
"00920379","2622"
"00921916","20129"
"00922304","22212"
"00923516","28201"
"00923792","70111"
"00923826","468"
"00923899","29280"
"00925189","2812"
"00925295","901"
"00925374","292"
"00925587","27213"
"00925967","28202"
"00926522","211"
"00927558","212"
"00929228","412"
"00929778","24213"
"00930321","761"
"00936787","201"
"00937324","221"
"00938688","58222"
"00938721","2927"
"00939331","20423"
"00939687","2219"
"00939942","58222"
"00942131","222"
"00945208","26519"
"00945457","70113"
"00945776","58221"
"00946030","29299"
"00954242","761"
"00956028","213"
"00956930","212"
"00957373","292"
"00957568","71531"
"00957735","20423"
"00958327","29271"
"00958451","259"
"00958664","241"
"00959210","26310"
"00959229","27199"
"00959265","28303"
"00960641","64209"
"00961136","26410"
"00961507","251"
"00961570","29272"
"00961774","2629"
"00962223","58221"
"00962393","263"
"00962922","212"
"00963000","28111"
"00963976","23991"
"00964595","339"
"00965062","26410"
"00965318","58221"
"00965512","262"
"00965813","5821"
"00966168","27111"
"00967778","179"
"00968607","468"
"00970277","24212"
"00970453","213"
"00971090","31322"
"00971726","213"
"00972293","212"
"00972503","319"
"00974459","263"
"00974927","591"
"00975290","591"
"00976615","58222"
"00977377","70113"
"00977641","27199"
"00977650","211"
"00977696","5821"
"00978075","649"
"00980043","58222"
"00980122","64992"
"00982023","46800"
"00983040","64992"
"00983271","5821"
"00983916","211"
"00983934","58190"
"00985686","59201"
"00986898","108"
"00988364","582"
"00989327","29280"
"00989619","70113"
"00989664","212"
"00990165","23311"
"00990262","58222"
"00990396","59114"
"00990563","620"
"00990819","591"
"00991191","213"
"00991225","59130"
"00991298","582"
"00992312","22232"
"00992543","273"
"00992871","212"
"00993931","23325"
"00994994","20129"
"00995993","729"
"00997812","29271"
"01003040","58221"
"01008762","58212"
"01009789","20423"
"01010110","5821"
"01010642","73909"
"01011368","24219"
"01011395","20501"
"01011438","108"
"01011526","20119"
"01011562","339"
"01011872","202"
"01012066","212"
"01012640","582"
"01012987","262"
"01013311","63991"
"01013694","66202"
"01014055","6202"
"01014657","58222"
"01014718","26429"
"01015160","26299"
"01015726","58221"
"01016309","20119"
"01016479","292"
"01016886","28422"
"01018167","29176"
"01018617","27199"
"01018802","70113"
"01018954","28909"
"01020269","28202"
"01020524","28511"
"01020843","292"
"01021639","46331"
"01021666","2049"
"01021949","59120"
"01022054","58222"
"01022142","262"
"01022902","21230"
"01023211","29299"
"01023318","272"
"01023822","70113"
"01025644","211"
"01026157","76110"
"01026616","72911"
"01027794","29272"
"01027828","20119"
"01028164","64121"
"01029394","71310"
"01030132","64121"
"01030503","7390"
"01031229","271"
"01031502","273"
"01032404","211"
"01032413","262"
"01032486","29241"
"01032583","233"
"01033591","73909"
"01034730","70113"
"01035289","681"
"01035368","262"
"01035678","2629"
"01035942","213"
"01036367","171"
"01036446","303"
"01037214","29272"
"01037542","292"
"01038161","66199"
"01038693","582"
"01041217","661"
"01041828","471"
"01042085","58221"
"01042359","464"
"01042429","582"
"01042650","70113"
"01042711","661"
"01042775","303"
"01042979","213"
"01043853","424"
"01043871","661"
"01046179","661"
"01046203","901"
"01046391","70113"
"01046708","213"
"01047169","582"
"01047415","101"
"01047451","271"
"01047567","66199"
"01047707","262"
"01047716","66199"
"01047840","63991"
"01047929","661"
"01049167","27199"
"01049422","582"
"01050738","582"
"01051065","71310"
"01051092","213"
"01051472","213"
"01053540","212"
"01055317","20421"
"01058101","20423"
"01059605","29241"
"01060735","529"
"01060744","171"
"01060814","22232"
"01061327","271"
"01061497","582"
"01061558","262"
"01062177","211"
"01062867","271"
"01063237","701"
"01063556","20423"
"01063884","272"
"01063954","213"
"01063963","20423"
"01063990","289"
"01064069","474"
"01064315","66199"
"01065013","701"
"01065536","66199"
"01065679","264"
"01065785","70113"
"01066030","73901"
"01066058","212"
"01067242","701"
"01067516","58219"
"01067808","582"
"01068348","292"
"01068658","561"
"01068737","108"
"01069736","29175"
"01070149","211"
"01070857","701"
"01071041","701"
"01071944","109"
"01072518","302"
"01072660","661"
"01073261","271"
"01073678","273"
"01074862","85503"
"01075047","661"
"01075126","468"
"01076550","15121"
"01077577","303"
"01078178","264"
"01080252","29271"
"01080410","66199"
"01080687","20423"
"01082348","27199"
"01082418","59112"
"01084294","4521"
"01084364","58222"
"01085026","259"
"01085187","105"
"01085442","27192"
"01086812","701"
"01087079","661"
"01088458","423"
"01089350","204"
"01089378","464"
"01089387","661"
"01089828","661"
"01089855","463"
"01089961","661"
"01090301","661"
"01090471","292"
"01091054","23993"
"01091382","241"
"01091391","661"
"01093007","64992"
"01094565","64999"
"01095397","63120"
"01095704","204"
"01095722","2622"
"01095892","292"
"01096341","582"
"01097906","412"
"01098792","204"
"01099667","20423"
"01099861","26429"
"01101041","141"
"01101722","292"
"01102095","28511"
"01102800","66199"
"01105153","2928"
"01105621","292"
"01107665","64992"
"01108099","463"
"01108248","701"
"01108442","264"
"01109070","108"
"01109122","70113"
"01109186","661"
"01109539","292"
"01109690","132"
"01109715","64209"
"01109937","211"
"01109955","58222"
"01110058","70113"
"01110076","582"
"01110182","213"
"01110474","212"
"01110678","211"
"01111020","661"
"01111057","582"
"01111570","661"
"01111765","33402"
"01112700","739"
"01112889","20119"
"01113277","58222"
"01113499","58221"
"01113718","70113"
"01113754","292"
"01113781","461"
"01113949","58221"
"01114559","20423"
"01114586","211"
"01115044","70113"
"01115257","63120"
"01116265","620"
"01116274","20423"
"01116344","28909"
"01116380","264"
"01116502","582"
"01117103","66199"
"01117246","281"
"01117413","2719"
"01117422","27199"
"01117495","141"
"01117592","20423"
"01117918","582"
"01118139","27199"
"01118281","213"
"01118643","739"
"01119387","29193"
"01119651","26519"
"01124653","26410"
"01124680","4632"
"01128613","15219"
"01128622","631"
"01130849","58221"
"01130885","70113"
"01130937","661"
"01133217","64121"
"01134216","265"
"01135057","212"
"01135084","2511"
"01135640","62021"
"01135941","292"
"01136001","20129"
"01136348","582"
"01136977","204"
"01137295","27199"
"01137383","5821"
"01137860","289"
"01137897","582"
"01137903","26224"
"01138595","58222"
"01138993","21309"
"01139035","292"
"01139266","64992"
"01139497","201"
"01139965","59112"
"01140837","2811"
"01141599","70113"
"01141942","262"
"01142075","582"
"01142260","231"
"01142400","27199"
"01144028","20423"
"01144569","292"
"01146220","29271"
"01146822","58222"
"01147487","20423"
"01150515","4112"
"01152470","58211"
"01152586","292"
"01153105","204"
"01153293","582"
"01156795","70113"
"01157235","213"
"01157846","108"
"01158553","31322"
"01158632","20423"
"01159233","2629"
"01159853","212"
"01160363","28202"
"01160512","64992"
"01160974","2110"
"01161432","27112"
"01163050","701"
"01165155","620"
"01165739","204"
"01166109","22291"
"01167056","108"
"01168143","64992"
"01168383","212"
"01168684","59114"
"01169267","204"
"01169434","64992"
"01169498","28410"
"01170865","292"
"01170962","64992"
"01174038","292"
"01175499","953"
"01179608","25923"
"01179617","211"
"01179839","661"
"01179866","27111"
"01180118","68112"
"01181515","212"
"01181807","4741"
"01181940","28422"
"01182240","1419"
"01182259","212"
"01182408","582"
"01182444","70113"
"01182550","70113"
"01182578","30399"
"01183407","239"
"01185566","33999"
"01185867","70113"
"01186404","581"
"01186671","70113"
"01186811","20423"
"01187148","713"
"01187175","58221"
"01187458","20423"
"01187494","271"
"01187865","95120"
"01188378","272"
"01188730","2811"
"01188749","13999"
"01189438","70113"
"01190124","58222"
"01190513","102"
"01190568","20423"
"01190780","204"
"01194689","7212"
"01194759","66199"
"01195828","13212"
"01196313","241"
"01197428","661"
"01199189","262"
"01199550","2612"
"01199727","2629"
"01199985","661"
"01201581","66199"
"01201590","28519"
"01201970","213"
"01203376","26410"
"01203507","14112"
"01203659","70113"
"01203808","29272"
"01204056","592"
"01205329","106"
"01205514","213"
"01205709","64992"
"01205842","291"
"01205851","281"
"01206717","27191"
"01207716","26329"
"01207761","682"
"01207901","58222"
"01208751","261"
"01208821","5821"
"01208849","292"
"01208885","35200"
"01210066","63991"
"01210190","5821"
"01210677","721"
"01211232","292"
"01213586","26329"
"01214248","108"
"01214743","144"
"01215618","2812"
"01217014","58222"
"01217795","21100"
"01217829","20423"
"01217865","108"
"01218299","716"
"01219155","108"
"01221752","20495"
"01221947","24229"
"01222113","58222"
"01222432","15129"
"01222867","213"
"01223219","28202"
"01226234","70113"
"01226270","22211"
"01226410","20423"
"01227039","211"
"01228515","721"
"01229240","46499"
"01230255","11112"
"01231786","262"
"01232192","21212"
"01233465","212"
"01234297","201"
"01234507","104"
"01234525","66199"
"01235296","701"
"01236286","649"
"01236532","713"
"01236897","212"
"01237434","63120"
"01237540","2629"
"01238169","108"
"01242241","582"
"01243161","108"
"01243550","6619"
"01243772","66199"
"01244601","66199"
"01245062","211"
"01246034","27199"
"01246742","25923"
"01247918","661"
"01250374","582"
"01251489","582"
"01251577","582"
"01251595","70113"
"01253636","107"
"01255652","204"
"01256864","211"
"01257526","66199"
"01257872","281"
"01258020","212"
"01258428","212"
"01258507","108"
"01258710","29299"
"01259056","5821"
"01259232","339"
"01259311","47912"
"01259418","28909"
"01261644","29280"
"01261893","272"
"01262023","467"
"01262032","62021"
"01262458","221"
"01263022","47122"
"01263527","701"
"01264234","29271"
"01264438","59113"
"01264872","582"
"01265251","701"
"01267170","20202"
"01267222","59111"
"01267550","58222"
"01267602","271"
"01267684","762"
"01267958","271"
"01267967","271"
"01270749","261"
"01274310","27199"
"01274329","201"
"01275489","212"
"01275665","27199"
"01276026","211"
"01276327","59120"
"01276594","6811"
"01276901","759"
"01277928","66199"
"01281541","70113"
"01283974","20423"
"01284751","26129"
"01284876","582"
"01286476","25924"
"01288410","139"
"01288827","29271"
"01290132","582"
"01290248","5821"
"01290381","739"
"01291317","28202"
"01292291","26112"
"01293388","70113"
"01293485","29299"
"01293953","582"
"01297898","58222"
"01299106","103"
"01299203","739"
"01301252","20121"
"01301623","261"
"01302853","262"
"01303029","59201"
"01305249","649"
"01305869","339"
"01307335","144"
"01307593","29271"
"01309069","262"
"01309388","582"
"01309421","29271"
"01309795","264"
"01310269","411"
"01310773","28909"
"01311055","639"
"01311286","27199"
"01311310","292"
"01311408","28202"
"01315042","58221"
"01316227","2050"
"01316236","201"
"01316245","281"
"01316254","205"
"01318261","464"
"01318933","261"
"01319808","23311"
"01319899","211"
"01323032","45120"
"01325429","292"
"01325979","2413"
"01326260","66199"
"01326279","284"
"01326792","582"
"01327092","26112"
"01327746","701"
"01328170","20423"
"01328639","64992"
"01329957","212"
"01332137","701"
"01335143","21309"
"01335453","475"
"01335578","591"
"01335790","701"
"01335851","70113"
"01335930","70113"
"01336285","661"
"01336373","70113"
"01336391","661"
"01336443","303"
"01336461","29280"
"01336735","271"
"01336762","58222"
"01337017","13992"
"01337114","13221"
"01337220","661"
"01338724","5821"
"01341630","58222"
"01343665","26299"
"01343735","591"
"01343920","66199"
"01344202","582"
"01344336","582"
"01344363","273"
"01344752","27199"
"01344831","582"
"01345724","582"
"01350638","739"
"01350869","64992"
"01351080","70113"
"01351114","661"
"01351822","66199"
"01352575","108"
"01353024","204"
"01353848","272"
"01354740","3330"
"01357446","27213"
"01357765","70113"
"01358463","291"
"01359736","261"
"01359815","292"
"01360875","28202"
"01363818","681"
"01363924","20422"
"01364297","591"
"01364747","26112"
"01365038","261"
"01365384","72129"
"01365825","29271"
"01366000","292"
"01366365","661"
"01366824","16101"
"01367586","204"
"01368354","739"
"01368637","29299"
"01370863","261"
"01371312","661"
"01372782","58221"
"01373709","261"
"01374443","70113"
"01374717","639"
"01375822","70113"
"01376715","70113"
"01381391","461"
"01381984","58222"
"01383229","29271"
"01383779","204"
"01384477","143"
"01384787","58212"
"01385050","27199"
"01386916","282"
"01387164","211"
"01388631","463"
"01390344","31113"
"01390399","620"
"01390876","66199"
"01391033","681"
"01391103","639"
"01393299","661"
"01393721","265"
"01394377","681"
"01394669","203"
"01395279","66199"
"01396676","311"
"01396931","27112"
"01397620","58222"
"01397772","70113"
"01397903","739"
"01398151","582"
"01399071","70113"
"01402995","29299"
"01405390","26212"
"01405451","58222"
"01405585","474"
"01406265","591"
"01406618","271"
"01407158","582"
"01408999","582"
"01409022","70113"
"01409095","582"
"01412725","28111"
"01412822","26299"
"01412938","30201"
"01413371","213"
"01414361","66199"
"01414370","66199"
"01414422","85503"
"01414936","66199"
"01415892","681"
"01416235","58212"
"01416457","66199"
"01416572","222"
"01416642","264"
"01418260","58221"
"01418543","66199"
"01419135","20423"
"01419205","27199"
"01419384","66199"
"01419986","66199"
"01423837","58222"
"01423916","70111"
"01428203","2311"
"01428249","6499"
"01429220","29299"
"01429840","58221"
"01430475","6811"
"01432598","739"
"01435489","28111"
"01436336","66199"
"01436479","582"
"01436558","68112"
"01436628","681"
"01437186","681"
"01437292","681"
"01437432","70113"
"01437858","271"
"01440153","29272"
"01440481","6619"
"01441611","58221"
"01442115","73909"
"01442966","681"
"01444380","262"
"01445440","26299"
"01447217","66199"
"01447244","66199"
"01448544","10897"
"01450105","661"
"01453670","108"
"01453944","26519"
"01454341","58222"
"01455410","27199"
"01455492","85669"
"01456011","58222"
"01458161","291"
"01459212","292"
"01462605","28123"
"01462739","5822"
"01466832","58221"
"01467336","29293"
"01467451","581"
"01468061","71310"
"01472930","58222"
"01475609","681"
"01476219","261"
"01478712","2622"
"01480568","109"
"01480708","70111"
"01480780","6812"
"01487446","739"
"01488320","29299"
"01489648","204"
"01491607","109"
"01492217","211"
"01492651","70113"
"01492688","71310"
"01493535","713"
"01493793","27219"
"01494118","27112"
"01494154","70113"
"01495180","70113"
"01497124","649"
"01497142","58221"
"01497373","701"
"01497869","64992"
"01498576","58222"
"01498974","271"
"01504211","2711"
"01504804","66199"
"01504910","661"
"01505186","261"
"01505450","649"
"01505469","661"
"01506617","701"
"01506848","27199"
"01506990","266"
"01507722","27199"
"01507810","27199"
"01508855","901"
"01510489","70113"
"01511558","70130"
"01512575","58222"
"01513404","66199"
"01513440","27219"
"01513699","59113"
"01514005","582"
"01514227","27199"
"01514519","66199"
"01514528","66199"
"01514698","339"
"01515323","28202"
"01515864","26112"
"01516368","58222"
"01516456","701"
"01516766","292"
"01516890","582"
"01518506","901"
"01519790","292"
"01524093","412"
"01524118","291"
"01524507","58222"
"01526806","303"
"01526949","66199"
"01528141","26291"
"01528530","661"
"01532603","30399"
"01534522","661"
"01534577","46443"
"01535150","68112"
"01535257","661"
"01538528","20499"
"01540453","26112"
"01540815","47520"
"01544468","211"
"01546101","29299"
"01547933","141"
"01549472","22213"
"01553129","20423"
"01555215","272"
"01559637","467"
"01562589","64992"
"01563667","612"
"01563922","29299"
"01566248","204"
"01567520","66199"
"01568413","14111"
"01568875","661"
"01569102","264"
"01569838","66199"
"01571107","582"
"01572489","661"
"01573284","292"
"01573336","27309"
"01573381","29271"
"01573974","661"
"01574760","661"
"01575361","11112"
"01575839","27199"
"01576102","6811"
"01576713","661"
"01579020","213"
"01579570","58221"
"01580178","66199"
"01582228","661"
"01583397","66199"
"01583652","58221"
"01583953","72129"
"01584183","26112"
"01584934","63991"
"01585155","58222"
"01586172","66199"
"01586455","32099"
"01587056","29272"
"01588189","29299"
"01590528","27112"
"01590980","58222"
"01591262","649"
"01591606","66199"
"01592049","29280"
"01593242","66199"
"01593668","262"
"01594764","66199"
"01594791","29280"
"01596425","64992"
"01596656","759"
"01596665","661"
"01601222","222"
"01601286","66199"
"01602638","58221"
"01604371","661"
"01605282","591"
"01605529","58222"
"01612608","66199"
"01613281","661"
"01616482","661"
"01616808","661"
"01619513","66199"
"01620713","66199"
"01621280","661"
"01622331","620"
"01622720","68112"
"01624162","661"
"01626391","70129"
"01631658","66199"
"01632851","66199"
"01632912","701"
"01636565","31311"
"01638387","29271"
"01641600","33999"
"01649204","20423"
"01652970","661"
"01656374","66199"
"01657197","204"
"01658266","66199"
"01658831","211"
"01663055","661"
"01663116","29175"
"01663569","21309"
"01663639","66199"
"01667592","66199"
"01669226","68112"
"01669475","66199"
"01670675","661"
"01671197","66199"
"01671601","212"
"01672053","661"
"01672114","66199"
"01674468","66199"
"01674538","6619"
"01675014","66199"
"01675227","66199"
"01675254","6619"
"01675421","661"
"01676642","2611"
"01676989","66199"
"01677429","66199"
"01677678","66199"
"01678312","27309"
"01678835","66199"
"01680131","27199"
"01682740","661"
"01683387","66199"
"01685251","620"
"01686427","27211"
"01686755","26299"
"01688346","661"
"01688896","6811"
"01689035","27212"
"01689266","582"
"01689336","66199"
"01689938","66199"
"01690235","661"
"01692321","66199"
"01693922","66199"
"01695498","465"
"01696275","661"
"01696451","661"
"01700374","66199"
"01700587","31311"
"01700921","66199"
"01701328","66199"
"01701753","66199"
"01702017","16102"
"01702424","66199"
"01703849","90199"
"01704680","59111"
"01705625","66199"
"01705777","6619"
"01706794","26112"
"01706819","66199"
"01712485","45110"
"01712616","66199"
"01714997","64201"
"01717170","66199"
"01718407","152"
"01719105","66199"
"01721809","471"
"01722437","47111"
"01724338","66199"
"01724417","66199"
"01724709","66199"
"01725160","661"
"01725577","66199"
"01728167","63991"
"01731453","64999"
"01738483","66199"
"01744703","66199"
"01747977","20499"
"01751448","66199"
"01760640","6619"
"01760738","20129"
"01761296","66199"
"01762569","20111"
"01764099","29222"
"01765256","24122"
"01765265","241"
"01766167","66199"
"01767494","66199"
"01770203","2321"
"01775952","66199"
"01781847","66199"
"01784394","501"
"01784914","58221"
"01785056","66199"
"01785551","66199"
"01785700","661"
"01786514","661"
"01787072","66191"
"01791321","66199"
"01791561","66199"
"01792791","66199"
"01792825","661"
"01796858","66199"
"01797440","66199"
"01798722","66199"
"01798980","66199"
"01800285","66199"
"01801822","66199"
"01803927","47430"
"01804476","661"
"01806951","474"
"01807729","66199"
"01807738","66199"
"01807747","661"
"01809569","66199"
"01810796","66199"
"01813377","66199"
"01814233","66199"
"01814312","66199"
"01814589","6491"
"01815764","661"
"01816268","66199"
"01817081","411"
"01817249","66199"
"01817610","66199"
"01818682","66199"
"01819867","66199"
"01834194","661"
"01841635","66199"
"01845534","66199"
"01845701","6619"
"01847550","66199"
"01851650","66199"
"01853214","66199"
"01854392","66199"
"01854408","661"
"01854763","64999"
"01857991","649"
"01860010","27199"
"01866528","661"
"01866926","66199"
"01867749","58221"
"01867758","64992"
"01872219","66199"
"01872893","27199"
"01873272","66199"
"01875146","661"
"01877126","661"
"01880801","642"
"01881800","661"
"01882845","64992"
